zip,kmtoSMM,milesToSMM,hoursDriveToSMM,city,state,latitude,longitude
10016,1927.137,1197.5229318,17.965,New York,NY,40.74618,-73.97759
10024,1936.349,1203.2472686,17.9316666666667,New York,NY,40.786387,-73.97709
10708,1943.906,1207.9431884,18.0116666666667,Bronxville,NY,40.939049,-73.83099
10801,1949.338,1211.3186332,18.1280555555556,New Rochelle,NY,40.915845,-73.78643
11768,1997.376,1241.1694464,18.8052777777778,Northport,NY,40.905647,-73.33114
12513,2022.72,1256.918208,18.6986111111111,Claverack,NY,42.220962,-73.71182
14225,1515.687,941.8479018,14.0341666666667,Buffalo,NY,42.929891,-78.75813
15044,1383.512,859.7143568,12.7263888888889,Gibsonia,PA,40.631011,-79.95766
15208,1408.488,875.2344432,13.0561111111111,Pittsburgh,PA,40.455168,-79.89709
15241,1409.58,875.913012,13.0288888888889,Pittsburgh,PA,40.329619,-80.07364
15857,1505.302,935.3946628,14.2,Saint Marys,PA,41.4376,-78.54272
15926,1524.591,947.3808474,14.1744444444444,Central City,PA,40.097937,-78.81509
16601,1538.57,956.067398,14.5636111111111,Altoona,PA,40.526319,-78.40082
17013,1689.212,1049.6763368,15.57,Carlisle,PA,40.203458,-77.19987
17019,1713.548,1064.7987272,15.8372222222222,Dillsburg,PA,40.093968,-77.02628
19041,1858.878,1155.1067892,17.2127777777778,Haverford,PA,40.012661,-75.3088
20774,1795.145,1115.503103,16.6952777777778,Upper Marlboro,MD,38.892456,-76.80685
20895,1759.37,1093.272518,16.2422222222222,Kensington,MD,39.027259,-77.07745
21146,1798.153,1117.3722742,16.6294444444444,Severna Park,MD,39.079059,-76.55784
21208,1786.659,1110.2299026,16.4469444444444,Pikesville,MD,39.376879,-76.7287
21211,1776.701,1104.0420014,16.5488888888889,Baltimore,MD,39.328957,-76.63361
22101,1767.526,1098.3406564,16.3561111111111,McLean,VA,38.93276,-77.1677
22610,1742.267,1082.6447138,16.4677777777778,Bentonville,VA,38.822506,-78.27368
23832,1957.835,1216.598669,18.1166666666667,Chesterfield,VA,37.405699,-77.5838
23851,2060.132,1280.1660248,19.2286111111111,Franklin,VA,36.668255,-76.93945
24017,1720.442,1069.0826588,16.2380555555556,Roanoke,VA,37.290886,-79.98256
27265,1810.259,1124.8949426,16.8425,High Point,NC,36.017647,-80.00628
27502,1930.508,1199.6176712,18.0822222222222,Apex,NC,35.73663,-78.86462
27519,1930.538,1199.6363132,18.0991666666667,Cary,NC,35.76812,-78.829548
27601,1957.004,1216.0822856,18.2636111111111,Raleigh,NC,35.774451,-78.63274
27612,1943.341,1207.5920974,18.1541666666667,Raleigh,NC,35.847788,-78.70161
28227,1880.644,1168.6321816,17.465,Charlotte,NC,35.192919,-80.66822
28358,2028.308,1260.3905912,19.1908333333333,Lumberton,NC,34.620874,-78.98986
28732,1722.215,1070.184401,15.8333333333333,Fletcher,NC,35.437611,-82.48999
29461,2100.403,1305.1904242,19.3613888888889,Moncks Corner,SC,33.164225,-80.01039
29483,2075.43,1289.672202,18.8497222222222,Summerville,SC,33.034586,-80.18599
29485,2093.457,1300.8741798,19.1583333333333,Summerville,SC,32.983408,-80.17627
29690,1763.876,1096.0725464,16.1294444444444,Travelers Rest,SC,35.018511,-82.43224
30004,1786.726,1110.2715364,16.1972222222222,Alpharetta,GA,34.119177,-84.30292
30024,1832.546,1138.7440844,16.5433333333333,Suwanee,GA,34.052698,-84.07485
30030,1812.332,1126.1831048,16.3072222222222,Decatur,GA,33.771705,-84.29407
30062,1784.407,1108.8305098,15.945,Marietta,GA,33.99605,-84.47464
30075,1784.697,1109.0107158,16.1436111111111,Roswell,GA,34.049789,-84.38539
30141,1780.986,1106.7047004,16.0691666666667,Hiram,GA,33.867574,-84.77103
30215,1851.84,1150.733376,16.7386111111111,Fayetteville,GA,33.40147,-84.46271
30265,1853.221,1151.5915294,16.5680555555556,Newnan,GA,33.400875,-84.71206
30269,1849.358,1149.1910612,16.6577777777778,Peachtree City,GA,33.398992,-84.57062
30306,1805.861,1122.1620254,16.2041666666667,Atlanta,GA,33.786755,-84.35149
30338,1803.392,1120.6277888,16.1222222222222,Atlanta,GA,33.942751,-84.31769
31405,2201.333,1367.9083262,19.6269444444444,Savannah,GA,32.043058,-81.12183
32159,2442.02,1517.471228,21.7736111111111,Lady Lake,FL,28.930573,-81.93806
32225,2380.041,1478.9574774,21.2363888888889,Jacksonville,FL,30.348585,-81.49965
32256,2375.088,1475.8796832,21.0752777777778,Jacksonville,FL,30.206922,-81.54604
32309,2206.855,1371.339697,20.1158333333333,Miccosukee Cpo,FL,30.514599,-84.188446
32656,2360.765,1466.979371,21.3397222222222,Keystone Heights,FL,29.788679,-82.00421
32738,2543.511,1580.5377354,22.5736111111111,Deltona,FL,28.910383,-81.18764
32827,2530.339,1572.3526546,22.3677777777778,Orlando,FL,28.425221,-81.30353
33071,2825.736,1755.9123504,24.8938888888889,Pompano Beach,FL,26.242559,-80.26564
33131,2871.205,1784.166787,25.3255555555556,Miami,FL,25.767368,-80.1893
33304,2837.336,1763.1205904,25.1302777777778,Fort Lauderdale,FL,26.137693,-80.12646
33478,2746.517,1706.6856638,24.1972222222222,Jupiter,FL,26.925835,-80.21526
33543,2511.705,1560.773487,22.2536111111111,Zephyrhills,FL,28.187356,-82.31601
33566,2557.22,1589.056508,22.6694444444444,Plant City,FL,28.013755,-82.11685
33573,2569.86,1596.911004,22.7202777777778,Sun City Center,FL,27.713353,-82.35965
33604,2533.092,1574.0633688,22.3944444444444,Tampa,FL,28.016846,-82.4566
33647,2521.961,1567.1465654,22.2902777777778,Tampa,FL,28.127973,-82.36123
33776,2579.488,1602.8938432,23.0275,Seminole,FL,27.853151,-82.82712
33779,2575.387,1600.3454818,22.9844444444444,Largo,FL,27.839698,-82.772483
33909,2722.727,1691.9025578,24.0630555555556,Cape Coral,FL,26.687462,-81.94968
33990,2731.585,1697.406919,24.2413888888889,Cape Coral,FL,26.63075,-81.95251
34113,2805.828,1743.5415192,24.8488888888889,Naples,FL,26.067538,-81.72002
34119,2775.62,1724.770268,24.4597222222222,Naples,FL,26.256551,-81.7186
34120,2796.753,1737.9023142,24.7425,Naples,FL,26.275676,-81.59586
34134,2769.929,1721.2338806,24.5777777777778,Bonita Springs,FL,26.348608,-81.83134
34232,2617.214,1626.3367796,23.1002777777778,Sarasota,FL,27.321313,-82.47648
34428,2421.823,1504.9208122,21.6013888888889,Crystal River,FL,28.95138,-82.61213
34639,2512.556,1561.3022984,22.2922222222222,Land O Lakes,FL,28.233671,-82.45463
34714,2497.997,1552.2553358,22.3063888888889,Clermont,FL,28.53,-81.76
35603,1599.192,993.7379088,14.1786111111111,Decatur,AL,34.539072,-86.95732
35749,1567.246,973.8866644,14.0158333333333,Harvest,AL,34.815817,-86.76003
37064,1452.471,902.5654794,13.0911111111111,Franklin,TN,35.893823,-86.89919
38017,1334.599,829.3198186,12.7047222222222,Collierville,TN,35.057224,-89.67417
38555,1467.253,911.7510142,14.0594444444444,Crossville,TN,35.929314,-85.05926
38672,1313.661,816.3089454,12.4994444444444,Southaven,MS,34.943945,-89.92279
39560,1880.522,1168.5563708,17.7247222222222,Long Beach,MS,30.356147,-89.16346
42164,1318.429,819.2717806,12.2286111111111,Scottsville,KY,36.767969,-86.1813
43085,1160.029,720.8420206,11.2727777777778,Columbus,OH,40.097796,-83.02076
43220,1221.937,759.3116518,11.2866666666667,Columbus,OH,40.047273,-83.06986
43612,1055.78,656.061692,9.83,Toledo,OH,41.706048,-83.5577
44320,1235.973,768.0336222,11.3913888888889,Akron,OH,41.083155,-81.57022
45152,1164.134,723.3928676,10.6983333333333,Morrow,OH,39.350319,-84.11606
45230,1139.975,708.380465,10.5055555555556,Cincinnati,OH,39.078368,-84.38865
45434,1143.982,710.8704148,10.5316666666667,Dayton,OH,39.719092,-84.03808
45840,1095.614,680.8145396,10.19,Findlay,OH,41.037325,-83.64576
46074,922.623,573.3179322,8.57611111111111,Westfield,IN,40.041325,-86.15262
46077,919.758,571.5376212,8.56111111111111,Zionsville,IN,39.960858,-86.28252
46143,964.512,599.3477568,8.91361111111111,Greenwood,IN,39.601649,-86.12734
46227,952.968,592.1743152,8.81277777777778,Indianapolis,IN,39.678495,-86.12973
46307,723.62,449.657468,6.66083333333333,Crown Point,IN,41.418873,-87.34298
46530,815.187,506.5572018,7.57166666666667,Granger,IN,41.741872,-86.13717
47960,834.347,518.4632258,7.86972222222222,Monticello,IN,40.777036,-86.75982
48001,1179.87,733.171218,10.8541666666667,Algonac,MI,42.631359,-82.554
48116,1062.746,660.3903644,9.80472222222222,Brighton,MI,42.509476,-83.77718
48302,1122.86,697.745204,10.2769444444444,Bloomfield Hills,MI,42.5863,-83.29705
48455,1130.762,702.6555068,10.3052777777778,Metamora,MI,42.938891,-83.29409
48642,897.454,557.6779156,10.7883333333333,Midland,MI,43.652404,-84.21671
49010,888.482,552.1027148,8.24333333333333,Allegan,MI,42.531244,-85.87438
49419,894.783,556.0181562,8.25833333333333,Hamilton,MI,42.679762,-85.98996
49837,590.579,366.9857906,5.88138888888889,Gladstone,MI,45.847136,-87.04529
49855,618.939,384.6086946,6.42416666666667,Marquette,MI,46.554402,-87.42223
49905,583.935,362.857209,5.95305555555556,Atlantic Mine,MI,47.101109,-88.71833
49916,581.989,361.6479646,5.97777777777778,Chassell,MI,47.010896,-88.54077
49930,586.05,364.17147,6.02305555555556,Hancock,MI,47.145007,-88.57829
50010,343.756,213.6099784,3.06972222222222,Ames,IA,42.02933,-93.60966
50014,353.755,219.823357,3.2575,Ames,IA,42.033235,-93.66741
50021,379.303,235.6988842,3.40555555555556,Ankeny,IA,41.725288,-93.60475
50073,371.635,230.933989,3.35166666666667,Elkhart,IA,41.792118,-93.52595
50125,435.483,270.6091362,3.94638888888889,Indianola,IA,41.354068,-93.57506
50158,370.075,229.964605,3.63333333333333,Marshalltown,IA,42.042506,-92.90646
50310,395.451,245.7332514,3.62416666666667,Des Moines,IA,41.625988,-93.67403
50312,399.899,248.4972386,3.61305555555556,Des Moines,IA,41.587039,-93.67356
50315,399.626,248.3275964,3.68388888888889,Des Moines,IA,41.545089,-93.61904
50323,408.184,253.6455376,3.70416666666667,Urbandale,IA,41.625788,-93.80235
50325,409.884,254.7019176,3.71666666666667,Clive,IA,41.60787,-93.78093
50401,220.8,137.20512,2.05888888888889,Mason City,IA,43.153969,-93.20037
50423,250.925,155.924795,2.41611111111111,Britt,IA,43.104076,-93.8041
50428,212.715,132.181101,1.93888888888889,Clear Lake,IA,43.1375,-93.38463
50436,223.694,139.0034516,2.11472222222222,Forest City,IA,43.259165,-93.65625
50459,179.826,111.7438764,1.72527777777778,Northwood,IA,43.444448,-93.24015
50461,214.517,133.3008638,2.25527777777778,Osage,IA,43.290536,-92.82115
50613,346.455,215.287137,3.21305555555556,Cedar Falls,IA,42.527184,-92.45609
50616,284.41,176.732374,2.61,Charles City,IA,43.072978,-92.66719
50627,326.312,202.7702768,3.16722222222222,Eldora,IA,42.357549,-93.0975
50643,371.337,230.7488118,3.50138888888889,Hudson,IA,42.377311,-92.46513
50658,300.288,186.5989632,2.78444444444444,Nashua,IA,42.953461,-92.53473
51054,461.519,286.7879066,4.69083333333333,Sergeant Bluff,IA,42.38556,-96.34194
51104,446.555,277.489277,4.57111111111111,Sioux City,IA,42.524145,-96.40292
51355,338.241,210.1829574,3.1775,Okoboji,IA,43.38762,-95.13802
51360,323.244,200.8638216,3.01833333333333,Spirit Lake,IA,43.428983,-95.10892
51537,531.916,330.5326024,5.02416666666667,Harlan,IA,41.638566,-95.29692
52001,388.624,241.4909536,4.37361111111111,Dubuque,IA,42.515252,-90.6794
52101,238.123,147.9696322,2.5875,Decorah,IA,43.345879,-91.77187
52133,266.901,165.8522814,2.90972222222222,Castalia,IA,43.119538,-91.66528
52228,412.937,256.5990518,4.24861111111111,Fairfax,IA,41.912296,-91.78792
52240,444.743,276.3633002,4.59194444444444,Iowa City,IA,41.649867,-91.52019
52302,390.639,242.7430746,4.03,Marion,IA,42.042648,-91.58262
52314,419.87,260.907218,4.30111111111111,Mount Vernon,IA,41.929178,-91.43684
52333,421.43,261.876602,4.38055555555556,Solon,IA,41.809993,-91.50849
52402,389.246,241.8774644,3.97194444444444,Cedar Rapids,IA,42.021016,-91.65231
52411,386.447,240.1381658,4.02722222222222,Cedar Rapids,IA,42.049941,-91.72511
52807,522.785,324.858599,5.21888888888889,Davenport,IA,41.565433,-90.53924
53029,500.721,311.1480294,4.59333333333333,Hartland,WI,43.132743,-88.34737
53045,509.246,316.4454644,4.59722222222222,Brookfield,WI,43.055315,-88.1503
53074,512.296,318.3407344,5.25027777777778,Port Washington,WI,43.40181,-87.88001
53092,551.643,342.7909602,5.07694444444444,Thiensville,WI,43.223907,-87.95085
53122,515.606,320.3975684,4.69722222222222,Elm Grove,WI,43.050762,-88.0842
53130,528.18,328.211052,4.83472222222222,Hales Corners,WI,42.941264,-88.05121
53146,516.398,320.8897172,4.73722222222222,New Berlin,WI,42.973663,-88.15414
53149,510.574,317.2706836,4.73305555555556,Mukwonago,WI,42.872477,-88.34409
53151,518.235,322.031229,4.75111111111111,New Berlin,WI,42.980163,-88.09438
53154,545.733,339.1184862,4.99055555555556,Oak Creek,WI,42.884347,-87.8992
53186,510.889,317.4664246,4.63833333333333,Waukesha,WI,43.015289,-88.20924
53202,529.929,329.2978806,4.83666666666667,Milwaukee,WI,43.046213,-87.9005
53208,525.777,326.7178278,4.78222222222222,Milwaukee,WI,43.047863,-87.96618
53217,542.408,337.0523312,4.99138888888889,Milwaukee,WI,43.14351,-87.90894
53219,525.687,326.6619018,4.81,Milwaukee,WI,42.996614,-87.99213
53228,524.76,326.085864,4.75083333333333,Milwaukee,WI,42.966681,-88.03798
53515,399.992,248.5550288,3.87555555555556,Black Earth,WI,43.131939,-89.7438
53528,406.982,252.8986148,3.91861111111111,Cross Plains,WI,43.116408,-89.64371
53545,468.546,291.1544844,4.28888888888889,Janesville,WI,42.69146,-89.04277
53558,429.048,266.6104272,3.93333333333333,McFarland,WI,43.015498,-89.28954
53562,406.917,252.8582238,3.9075,Middleton,WI,43.103711,-89.51106
53572,418.522,260.0695708,4.10222222222222,Mount Horeb,WI,42.985255,-89.73647
53578,371.938,231.1222732,3.46166666666667,Prairie Du Sac,WI,43.318318,-89.74928
53581,350.611,217.8696754,3.62388888888889,Richland Center,WI,43.361048,-90.40776
53586,421.731,262.0636434,4.78472222222222,Shullsburg,WI,42.5744,-90.23935
53589,440.02,273.428428,4.05222222222222,Stoughton,WI,42.926473,-89.22432
53590,422.464,262.5191296,3.8775,Sun Prairie,WI,43.189953,-89.2253
53593,421.822,262.1201908,4.14888888888889,Verona,WI,42.988593,-89.55543
53594,446.251,277.3003714,4.12055555555556,Waterloo,WI,43.18584,-88.97553
53597,403.368,250.6528752,3.75722222222222,Waunakee,WI,43.182873,-89.45408
53703,423.372,263.0833608,3.88333333333333,Madison,WI,43.078646,-89.37727
53705,413.338,256.8482332,4.05361111111111,Madison,WI,43.073395,-89.45049
53711,432.702,268.8810228,3.96722222222222,Madison,WI,43.036696,-89.44499
53714,418.764,260.2199496,3.80583333333333,Madison,WI,43.099861,-89.31786
53719,417.096,259.1834544,4.065,Madison,WI,43.029497,-89.50531
53821,312.312,194.0706768,3.44888888888889,Prairie Du Chien,WI,43.036566,-91.11838
53923,396.027,246.0911778,3.72277777777778,Cambria,WI,43.559975,-89.13762
54001,99.534,61.8504276,1.19,Amery,WI,45.326339,-92.37857
54002,63.916,39.7174024,0.701666666666667,Baldwin,WI,44.96915,-92.37326
54003,67.863,42.1700682,0.786666666666667,Beldenville,WI,44.782907,-92.44657
54004,123.681,76.8553734,1.3675,Clayton,WI,45.319095,-92.13016
54005,102.332,63.5891048,1.1575,Clear Lake,WI,45.237727,-92.22901
54006,106.918,66.4388452,1.33138888888889,Cushing,WI,45.586187,-92.64165
54009,84.446,52.4747444,1.04583333333333,Dresser,WI,45.351585,-92.60246
54011,69.656,43.2842384,0.800555555555556,Ellsworth,WI,44.718955,-92.46651
54013,94.349,58.6284686,1.00472222222222,Glenwood City,WI,45.06461,-92.18504
54014,70.725,43.948515,0.877777777777778,Hager City,WI,44.626915,-92.548
54015,54.341,33.7674974,0.618611111111111,Hammond,WI,44.957487,-92.44589
54016,38.466,23.9027724,0.445833333333333,Hudson,WI,44.978518,-92.71996
54017,62.226,38.6672364,0.793611111111111,New Richmond,WI,45.122052,-92.53691
54020,72.831,45.2571834,0.950277777777778,Osceola,WI,45.299735,-92.64222
54021,41.896,26.0341744,0.5375,Prescott,WI,44.752662,-92.77958
54022,52.04,32.337656,0.606944444444444,River Falls,WI,44.854636,-92.61729
54023,48.773,30.3075422,0.539444444444444,Roberts,WI,44.970887,-92.5478
54024,92.594,57.5379116,1.15444444444444,Saint Croix Falls,WI,45.469339,-92.62088
54025,49,30.4486,0.689722222222222,Somerset,WI,45.142151,-92.6819
54026,72.467,45.0309938,0.941111111111111,Star Prairie,WI,45.221875,-92.53507
54027,76.177,47.3363878,0.763888888888889,Wilson,WI,44.938989,-92.18637
54028,69.987,43.4899218,0.725,Woodville,WI,44.944206,-92.27961
54082,39.967,24.8354938,0.600833333333333,Saint Joseph,WI,45.068411,-92.74248
54115,447.65,278.16971,4.19833333333333,De Pere,WI,44.42042,-88.07896
54143,486.812,302.5049768,4.62833333333333,Marinette,WI,45.092448,-87.64929
54155,428.308,266.1505912,3.97805555555556,Oneida,WI,44.52284,-88.18008
54220,495.129,307.6731606,4.55416666666667,Manitowoc,WI,44.096194,-87.68919
54401,283.069,175.8990766,2.66,Wausau,WI,44.958382,-89.6693
54406,363.129,225.6483606,3.38666666666667,Amherst,WI,44.421111,-89.30618
54409,337.771,209.8908994,3.30888888888889,Antigo,WI,45.121666,-89.13388
54411,258.147,160.4125458,2.43388888888889,Athens,WI,45.040345,-90.01829
54443,312.17,193.982438,3.06138888888889,Junction City,WI,44.612879,-89.74163
54448,269.726,167.6077364,2.49055555555556,Marathon,WI,44.935076,-89.83699
54451,248.324,154.3085336,2.41833333333333,Medford,WI,45.171131,-90.40527
54455,314.517,195.4408638,2.93527777777778,Mosinee,WI,44.787003,-89.69066
54456,222.993,138.5678502,2.16277777777778,Neillsville,WI,44.553719,-90.61457
54466,262.406,163.0590884,2.46527777777778,Pittsville,WI,44.404914,-90.24246
54476,298.508,185.4928712,2.80861111111111,Schofield,WI,44.903194,-89.57937
54479,248.331,154.3128834,2.38388888888889,Spencer,WI,44.764411,-90.33179
54548,398.671,247.7341594,3.85527777777778,Minocqua,WI,45.869921,-89.79346
54555,305.7,189.96198,3.15722222222222,Phillips,WI,45.716124,-90.40013
54601,248.239,154.2557146,2.5325,La Crosse,WI,43.797116,-91.21141
54603,236.876,147.1947464,2.29361111111111,La Crosse,WI,43.848665,-91.24922
54610,153.407,95.3271098,1.955,Alma,WI,44.362741,-91.85287
54615,222.11,138.019154,2.12583333333333,Black River Falls,WI,44.277231,-90.80066
54622,148.134,92.0504676,1.90027777777778,Cochrane,WI,44.248179,-91.83124
54629,167.872,104.3156608,2.10583333333333,Fountain City,WI,44.13288,-91.67722
54636,255.008,158.4619712,2.54138888888889,Holmen,WI,43.978816,-91.2512
54650,241.223,149.8959722,2.35083333333333,Onalaska,WI,43.899664,-91.22963
54660,265.766,165.1469924,2.47694444444444,Tomah,WI,43.984412,-90.48416
54661,188.311,117.0164554,2.35361111111111,Trempealeau,WI,44.026843,-91.4513
54665,298.884,185.7265176,3.22361111111111,Viroqua,WI,43.543934,-90.89904
54669,254.648,158.2382672,2.48638888888889,West Salem,WI,43.903949,-91.08847
54701,142.038,88.2624132,1.40333333333333,Eau Claire,WI,44.780427,-91.48065
54703,138.457,86.0371798,1.45111111111111,Eau Claire,WI,44.82961,-91.50521
54720,140.691,87.4253874,1.43,Altoona,WI,44.80416,-91.43963
54727,163.745,101.751143,1.56833333333333,Cadott,WI,44.963809,-91.16181
54728,155.855,96.848297,1.69166666666667,Chetek,WI,45.312195,-91.64173
54729,139.766,86.8505924,1.37027777777778,Chippewa Falls,WI,44.932711,-91.38877
54730,126.22,78.433108,1.31805555555556,Colfax,WI,45.012181,-91.73021
54733,141.676,88.0374664,1.4825,Dallas,WI,45.275752,-91.85084
54736,125.615,78.057161,1.51027777777778,Durand,WI,44.613891,-91.92402
54738,162.749,101.1322286,1.6425,Eleva,WI,44.586469,-91.48873
54739,118.251,73.4811714,1.15555555555556,Elk Mound,WI,44.872678,-91.69231
54740,99.038,61.5422132,1.05972222222222,Elmwood,WI,44.763269,-92.1517
54742,160.45,99.70363,1.62722222222222,Fall Creek,WI,44.763678,-91.29172
54751,100.122,62.2158108,1.03916666666667,Menomonie,WI,44.86877,-91.92915
54755,138.073,85.7985622,1.58944444444444,Mondovi,WI,44.584633,-91.68767
54757,168.212,104.5269368,1.79111111111111,New Auburn,WI,45.235611,-91.52127
54758,182.454,113.3769156,1.78138888888889,Osseo,WI,44.555876,-91.21713
54759,114.877,71.3845678,1.45305555555556,Pepin,WI,44.478326,-92.14053
54767,82.508,51.2704712,0.8675,Spring Valley,WI,44.833746,-92.25937
54768,180.097,111.9122758,1.71722222222222,Stanley,WI,44.963528,-90.93012
54801,192.332,119.5151048,2.11638888888889,Spooner,WI,45.850775,-91.94361
54806,355.925,221.171795,3.60166666666667,Ashland,WI,46.577191,-90.89707
54810,102.756,63.8525784,1.3025,Balsam Lake,WI,45.455304,-92.40153
54822,169.285,105.193699,1.84055555555556,Cameron,WI,45.401622,-91.72727
54829,147.459,91.6310226,1.73333333333333,Cumberland,WI,45.552434,-92.05004
54830,186.075,115.627005,1.97027777777778,Danbury,WI,46.036193,-92.21802
54837,167.22,103.910508,1.79416666666667,Frederic,WI,45.679878,-92.42153
54840,121.468,75.4802152,1.24111111111111,Grantsburg,WI,45.75118,-92.67182
54843,251.251,156.1273714,2.82416666666667,Hayward,WI,46.005082,-91.35255
54844,339.352,210.8733328,3.46555555555556,Herbster,WI,46.765166,-91.21312
54853,116.841,72.6049974,1.47555555555556,Luck,WI,45.577963,-92.45652
54856,334.617,207.9310038,3.34611111111111,Mason,WI,46.433167,-91.10883
54858,109.229,67.8749006,1.36861111111111,Milltown,WI,45.52624,-92.46971
54859,224.135,139.277489,2.40111111111111,Minong,WI,46.127976,-91.84389
54868,167.756,104.2435784,1.94277777777778,Rice Lake,WI,45.517226,-91.72638
54871,176.984,109.9778576,1.92972222222222,Shell Lake,WI,45.750367,-91.99048
54880,224.988,139.8075432,2.14972222222222,Superior,WI,46.684273,-92.09474
54889,124.658,77.4624812,1.42166666666667,Turtle Lake,WI,45.407855,-92.15619
54891,364.208,226.3188512,3.64444444444444,Washburn,WI,46.69297,-90.93744
54911,452.233,281.0175862,4.17333333333333,Appleton,WI,44.276986,-88.39445
54929,372.577,231.5193478,3.53361111111111,Clintonville,WI,44.63605,-88.74673
54935,477.197,296.5302158,4.4525,Fond Du Lac,WI,43.769889,-88.4281
54952,450.965,280.229651,4.23722222222222,Menasha,WI,44.212448,-88.40959
55001,27.8,17.27492,0.383888888888889,Afton,MN,44.903133,-92.81904
55003,34.967,21.7284938,0.431388888888889,Bayport,MN,45.017767,-92.78039
55005,67.941,42.2185374,0.758055555555556,Bethel,MN,45.395494,-93.23584
55006,105.99,65.862186,1.12444444444444,Braham,MN,45.722,-93.19781
55008,95.446,59.3101444,1.09388888888889,Cambridge,MN,45.566735,-93.24381
55009,59.179,36.7738306,0.681666666666667,Cannon Falls,MN,44.493575,-92.89402
55011,54.707,33.9949298,0.686666666666667,Cedar,MN,45.335128,-93.27434
55012,70.705,43.936087,0.838888888888889,Center City,MN,45.41766,-92.80597
55013,53.865,33.471711,0.623333333333333,Chisago City,MN,45.365164,-92.88864
55014,37.074,23.0377836,0.458611111111111,Circle Pines,MN,45.153516,-93.14463
55016,24.518,15.2354852,0.38,Cottage Grove,MN,44.830966,-92.93739
55017,107.107,66.5562898,1.28833333333333,Dalbo,MN,45.677366,-93.42013
55018,65.975,40.996865,0.761111111111111,Dennison,MN,44.422975,-93.00089
55019,73.726,45.8133364,0.749444444444444,Dundas,MN,44.415567,-93.23269
55020,58.004,36.0436856,0.64,Elko,MN,44.571365,-93.36011
55021,78.841,48.9917974,0.792222222222222,Faribault,MN,44.29478,-93.28732
55024,42.527,26.4262778,0.618888888888889,Farmington,MN,44.649263,-93.15222
55025,43.739,27.1794146,0.510277777777778,Forest Lake,MN,45.272117,-92.9911
55026,91.659,56.9569026,1.16083333333333,Frontenac,MN,44.523212,-92.33216
55027,91.07,56.590898,0.9975,Goodhue,MN,44.408846,-92.63312
55031,45.719,28.4097866,0.546388888888889,Hampton,MN,44.607553,-92.98548
55032,76.31,47.419034,0.751388888888889,Harris,MN,45.586488,-93.01179
55033,40.65,25.25991,0.540833333333333,Hastings,MN,44.726517,-92.86147
55037,140.614,87.3775396,1.39777777777778,Hinckley,MN,46.008128,-92.79349
55038,33.941,21.0909374,0.451944444444444,Hugo,MN,45.161267,-92.99596
55040,68.122,42.3310108,0.823611111111111,Isanti,MN,45.470239,-93.27947
55041,111.17,69.081038,1.21027777777778,Lake City,MN,44.42278,-92.2948
55042,25.602,15.9090828,0.388888888888889,Lake Elmo,MN,44.999023,-92.90939
55043,31.346,19.4784044,0.414166666666667,Lakeland,MN,44.9316,-92.77001
55044,42.673,26.5170022,0.4725,Lakeville,MN,44.669564,-93.26654
55045,63.088,39.2028832,0.726944444444444,Lindstrom,MN,45.387281,-92.83551
55046,75.614,46.9865396,0.798333333333333,Lonsdale,MN,44.464394,-93.42243
55047,51.235,31.837429,0.649722222222222,Marine On Saint Croix,MN,45.195606,-92.81649
55049,96.118,59.7277252,0.919722222222222,Medford,MN,44.172277,-93.23924
55051,144.599,89.8538186,1.46972222222222,Mora,MN,45.897003,-93.29452
55052,96.796,60.1490344,0.965555555555556,Morristown,MN,44.232811,-93.43992
55053,81.065,50.373791,0.943611111111111,Nerstrand,MN,44.338132,-93.05543
55054,53.552,33.2772128,0.563055555555556,New Market,MN,44.571056,-93.354267
55055,16.033,9.9629062,0.268055555555556,Newport,MN,44.871166,-93.00187
55056,68.893,42.8101102,0.741388888888889,North Branch,MN,45.509818,-92.97816
55057,61.078,37.9538692,0.742222222222222,Northfield,MN,44.459969,-93.16623
55060,106.904,66.4301456,1.06555555555556,Owatonna,MN,44.07393,-93.22716
55063,104.26,64.787164,1.01638888888889,Pine City,MN,45.824236,-92.95813
55066,81.838,50.8541332,1.07138888888889,Red Wing,MN,44.539036,-92.53637
55068,29.185,18.135559,0.433333333333333,Rosemount,MN,44.732105,-93.13437
55069,94.341,58.6234974,0.978611111111111,Rush City,MN,45.690784,-92.96843
55070,69.632,43.2693248,0.865555555555556,Saint Francis,MN,45.395912,-93.37005
55071,22.334,13.8783476,0.381388888888889,Saint Paul Park,MN,44.835366,-92.99254
55072,139.881,86.9220534,1.33472222222222,Sandstone,MN,46.131798,-92.71377
55073,57.996,36.0387144,0.733055555555556,Scandia,MN,45.275771,-92.83001
55074,72.492,45.0465288,0.899166666666667,Shafer,MN,45.381784,-92.7278
55075,13.447,8.3559658,0.262777777777778,South Saint Paul,MN,44.887966,-93.04546
55076,16.611,10.3220754,0.318055555555556,Inver Grove Heights,MN,44.844833,-93.03528
55077,14.368,8.9282752,0.249166666666667,Inver Grove Heights,MN,44.825391,-93.06893
55079,62.621,38.9126894,0.690555555555556,Stacy,MN,45.403157,-93.02829
55080,97.308,60.4671912,1.03861111111111,Stanchfield,MN,45.651767,-93.21439
55082,33.593,20.8746902,0.4225,Stillwater,MN,45.054551,-92.82581
55084,77.69,48.276566,0.958333333333333,Taylors Falls,MN,45.424065,-92.68321
55088,61.601,38.2788614,0.685833333333333,Webster,MN,44.541055,-93.38713
55089,61.391,38.1483674,0.8225,Welch,MN,44.586242,-92.70293
55090,24.282,15.0888348,0.364166666666667,Willernie,MN,45.054666,-92.95703
55092,54.55,33.89737,0.688333333333333,Wyoming,MN,45.329115,-93.06834
55101,1.945,1.208623,0.116111111111111,Saint Paul,MN,44.964852,-93.08397
55102,1.844,1.1458616,0.0761111111111111,Saint Paul,MN,44.935315,-93.12049
55103,4.882,3.0336748,0.179444444444444,Saint Paul,MN,44.964115,-93.12261
55104,5.575,3.464305,0.0925,Saint Paul,MN,44.953665,-93.15922
55105,6.175,3.837145,0.151666666666667,Saint Paul,MN,44.934465,-93.16554
55106,7.36,4.573504,0.195,Saint Paul,MN,44.967565,-93.05001
55107,3.954,2.4570156,0.141388888888889,Saint Paul,MN,44.928315,-93.08876
55108,12.643,7.8563602,0.219722222222222,Saint Paul,MN,44.982515,-93.17489
55109,14.545,9.038263,0.250555555555556,Saint Paul,MN,45.010632,-93.01845
55110,22.428,13.9367592,0.365833333333333,Saint Paul,MN,45.081266,-93.01146
55111,13.888,8.6300032,0.2825,Saint Paul,MN,44.882838,-93.200671
55112,23.831,14.8085834,0.346388888888889,Saint Paul,MN,45.076365,-93.19335
55113,16.435,10.212709,0.2575,Saint Paul,MN,45.011215,-93.15536
55114,10.432,6.4824448,0.205,Saint Paul,MN,44.964815,-93.19581
55115,25.816,16.0420624,0.380277777777778,Saint Paul,MN,45.060048,-92.95762
55116,9.273,5.7622422,0.204444444444444,Saint Paul,MN,44.913815,-93.17459
55117,7.457,4.6337798,0.1475,Saint Paul,MN,44.989065,-93.10666
55118,6.338,3.9384332,0.180555555555556,Saint Paul,MN,44.903165,-93.10026
55119,10.04,6.238856,0.206388888888889,Saint Paul,MN,44.957315,-93.00616
55120,11.978,7.4431292,0.205,Saint Paul,MN,44.873398,-93.14538
55121,18.491,11.4903074,0.253333333333333,Saint Paul,MN,44.844965,-93.14431
55122,22.603,14.0455042,0.307222222222222,Saint Paul,MN,44.804548,-93.19871
55123,22.786,14.1592204,0.362777777777778,Saint Paul,MN,44.804048,-93.13378
55124,28.985,18.011279,0.364722222222222,Saint Paul,MN,44.743963,-93.20624
55125,19.376,12.0402464,0.323611111111111,Saint Paul,MN,44.921982,-92.94234
55126,21.906,13.6123884,0.353333333333333,Saint Paul,MN,45.085643,-93.1353
55127,20.045,12.455963,0.339722222222222,Saint Paul,MN,45.076708,-93.0828
55128,15.912,9.8877168,0.307222222222222,Saint Paul,MN,44.985792,-92.96532
55129,25.223,15.6735722,0.389444444444444,Saint Paul,MN,44.896938,-92.90241
55130,6.495,4.035993,0.167222222222222,Saint Paul,MN,44.97,-93.08
55150,10.625,6.602375,0.191944444444444,Mendota,MN,44.884265,-93.16415
55187,19.417,12.0657238,0.296111111111111,Saint Paul,MN,45.005902,-93.105869
55301,67.289,41.8133846,0.763055555555556,Albertville,MN,45.237867,-93.66261
55302,108.067,67.1528338,1.27722222222222,Annandale,MN,45.246631,-94.11692
55303,58.665,36.454431,0.733888888888889,Anoka,MN,45.247509,-93.418
55304,50.055,31.104177,0.643611111111111,Andover,MN,45.254715,-93.28652
55305,30.104,18.7066256,0.437222222222222,Hopkins,MN,44.953763,-93.43346
55306,33.01,20.512414,0.429722222222222,Burnsville,MN,44.732569,-93.28909
55307,108.034,67.1323276,1.18194444444444,Arlington,MN,44.613278,-94.10728
55308,96.567,60.0067338,1.08694444444444,Becker,MN,45.426203,-93.85017
55309,83.148,51.6681672,0.991666666666667,Big Lake,MN,45.358004,-93.74294
55311,45.326,28.1655764,0.563611111111111,Osseo,MN,45.102133,-93.48757
55313,81.471,50.6260794,0.9325,Buffalo,MN,45.175558,-93.85441
55315,66.475,41.307565,0.748055555555556,Carver,MN,44.736595,-93.65619
55316,47.309,29.3978126,0.569166666666667,Champlin,MN,45.170714,-93.38452
55317,46.012,28.5918568,0.551944444444444,Chanhassen,MN,44.866236,-93.54487
55318,55.589,34.5430046,0.675,Chaska,MN,44.809954,-93.6105
55319,103.804,64.5038056,1.13361111111111,Clear Lake,MN,45.470068,-93.92956
55320,104.962,65.2233868,1.07361111111111,Clearwater,MN,45.387625,-94.0599
55321,95.165,59.135531,1.20361111111111,Cokato,MN,45.085142,-94.18748
55322,76.681,47.6495734,0.876388888888889,Cologne,MN,44.768762,-93.77839
55324,116.792,72.5745488,1.51611111111111,Darwin,MN,45.057766,-94.40368
55325,104.825,65.138255,1.33027777777778,Dassel,MN,45.091115,-94.31758
55327,52.099,32.3743186,0.6425,Dayton,MN,45.217054,-93.47612
55328,62.149,38.6193886,0.772777777777778,Delano,MN,45.032489,-93.79591
55330,67.512,41.9519568,0.822777777777778,Elk River,MN,45.317152,-93.58117
55331,50.846,31.5957044,0.68,Excelsior,MN,44.901368,-93.58278
55334,120.646,74.9694244,1.34416666666667,Gaylord,MN,44.542729,-94.21773
55336,102.765,63.858171,1.11388888888889,Glencoe,MN,44.773886,-94.17294
55337,30.834,19.1602476,0.395833333333333,Burnsville,MN,44.770297,-93.27302
55338,98.067,60.9388338,1.06722222222222,Green Isle,MN,44.670908,-94.01337
55339,89.641,55.7029174,0.989444444444444,Hamburg,MN,44.730662,-93.9577
55340,49.146,30.5393244,0.673055555555556,Hamel,MN,45.07343,-93.56455
55341,63.069,39.1910766,0.808333333333333,Hanover,MN,45.15546,-93.66369
55342,153.118,95.1475252,1.64416666666667,Hector,MN,44.74323,-94.72447
55343,35.281,21.9236134,0.488611111111111,Hopkins,MN,44.921599,-93.40857
55344,34.512,21.4457568,0.450833333333333,Eden Prairie,MN,44.867013,-93.42557
55345,39.775,24.716185,0.526111111111111,Minnetonka,MN,44.915413,-93.48443
55346,42.956,26.6928584,0.533611111111111,Eden Prairie,MN,44.880435,-93.4869
55347,43.64,27.117896,0.536388888888889,Eden Prairie,MN,44.831413,-93.46031
55349,83.395,51.821653,1.03361111111111,Howard Lake,MN,45.064272,-94.07175
55350,111.999,69.5961786,1.34694444444444,Hutchinson,MN,44.896255,-94.38604
55352,69.679,43.2985306,0.783055555555556,Jordan,MN,44.657463,-93.6133
55353,129.262,80.3234068,1.36083333333333,Kimball,MN,45.328802,-94.32528
55354,90.004,55.9284856,1.12888888888889,Lester Prairie,MN,44.881515,-94.05846
55355,126.219,78.4324866,1.64083333333333,Litchfield,MN,45.104473,-94.52868
55356,42.861,26.6338254,0.547222222222222,Long Lake,MN,44.985463,-93.58388
55357,57.962,36.0175868,0.773888888888889,Loretto,MN,45.088013,-93.65053
55358,95.195,59.154173,1.08583333333333,Maple Lake,MN,45.244744,-94.00289
55359,53.905,33.496567,0.663888888888889,Maple Plain,MN,45.002212,-93.69319
55360,75.153,46.7000742,0.934722222222222,Mayer,MN,44.909362,-93.89981
55362,85.898,53.3770172,0.966944444444444,Monticello,MN,45.301337,-93.80774
55363,71.637,44.5152318,0.880277777777778,Montrose,MN,45.046143,-93.92085
55364,50.899,31.6286386,0.699444444444444,Mound,MN,44.933712,-93.66038
55368,78.971,49.0725794,0.881111111111111,Norwood,MN,44.756883,-93.91666
55369,46.261,28.7465854,0.581388888888889,Osseo,MN,45.120764,-93.43183
55371,97.709,60.7163726,1.12333333333333,Princeton,MN,45.576431,-93.57644
55372,47.525,29.532035,0.563611111111111,Prior Lake,MN,44.704646,-93.42139
55373,60.411,37.5393954,0.744166666666667,Rockford,MN,45.087513,-93.73548
55374,60.918,37.8544452,0.706666666666667,Rogers,MN,45.197646,-93.57104
55375,60.503,37.5965642,0.783333333333333,Saint Bonifacius,MN,44.906512,-93.7439
55376,69.169,42.9816166,0.802222222222222,Saint Michael,MN,45.20382,-93.67618
55378,36.528,22.6984992,0.489166666666667,Savage,MN,44.761796,-93.3722
55379,54.583,33.9178762,0.680833333333333,Shakopee,MN,44.776138,-93.52556
55381,100.659,62.5495026,1.20194444444444,Silver Lake,MN,44.904987,-94.18802
55382,117.041,72.7292774,1.41,South Haven,MN,45.299358,-94.19821
55384,47.717,29.6513438,0.630555555555556,Spring Park,MN,44.936423,-93.62868
55385,131.982,82.0136148,1.44361111111111,Stewart,MN,44.724926,-94.49346
55386,55.32,34.375848,0.713055555555556,Victoria,MN,44.858595,-93.66341
55387,66.959,41.6083226,0.778611111111111,Waconia,MN,44.849912,-93.78514
55388,65.496,40.6992144,0.8225,Watertown,MN,44.955136,-93.84467
55390,76.744,47.6887216,0.964444444444444,Waverly,MN,45.066811,-93.97836
55391,41.383,25.7153962,0.576388888888889,Wayzata,MN,44.963063,-93.52912
55395,84.47,52.489658,1.09277777777778,Winsted,MN,44.960829,-94.05525
55396,134.525,83.593835,1.43277777777778,Winthrop,MN,44.536882,-94.36811
55397,81.432,50.6018448,0.990555555555556,Young America,MN,44.801162,-93.92368
55398,80.602,50.0860828,0.980555555555556,Zimmerman,MN,45.455085,-93.57873
55401,16.168,10.0467952,0.304722222222222,Minneapolis,MN,44.984615,-93.27137
55402,15.434,9.5906876,0.268888888888889,Minneapolis,MN,44.975565,-93.27053
55403,16.59,10.309026,0.216666666666667,Minneapolis,MN,44.971765,-93.28557
55404,15.585,9.684519,0.251666666666667,Minneapolis,MN,44.963365,-93.26179
55405,18.85,11.71339,0.261944444444444,Minneapolis,MN,44.971798,-93.30273
55406,11.968,7.4369152,0.251388888888889,Minneapolis,MN,44.938615,-93.22082
55407,16.281,10.1170134,0.301111111111111,Minneapolis,MN,44.934915,-93.25424
55408,18.234,11.3306076,0.318333333333333,Minneapolis,MN,44.947515,-93.28742
55409,19.345,12.020983,0.314722222222222,Minneapolis,MN,44.924115,-93.28362
55410,24.267,15.0795138,0.4575,Minneapolis,MN,44.911564,-93.31947
55411,20.156,12.5249384,0.325277777777778,Minneapolis,MN,44.999165,-93.29823
55412,24.348,15.1298472,0.345,Minneapolis,MN,45.027715,-93.30337
55413,17.884,11.1131176,0.324722222222222,Minneapolis,MN,44.997665,-93.24927
55414,11.782,7.3213348,0.185,Minneapolis,MN,44.980379,-93.23003
55415,15.052,9.3533128,0.254444444444444,Minneapolis,MN,44.973415,-93.25941
55416,24.297,15.0981558,0.345555555555556,Minneapolis,MN,44.946664,-93.34215
55417,18.798,11.6810772,0.290555555555556,Minneapolis,MN,44.905365,-93.23662
55418,17.408,10.8173312,0.317777777777778,Minneapolis,MN,45.019315,-93.24304
55419,22.797,14.1660558,0.341111111111111,Minneapolis,MN,44.902414,-93.29012
55420,25.764,16.0097496,0.388888888888889,Minneapolis,MN,44.837964,-93.27657
55421,28.205,17.526587,0.383333333333333,Minneapolis,MN,45.050434,-93.25007
55422,29.192,18.1399088,0.422222222222222,Minneapolis,MN,45.014764,-93.33965
55423,25.035,15.556749,0.357777777777778,Minneapolis,MN,44.877164,-93.28124
55424,28.766,17.8751924,0.402777777777778,Minneapolis,MN,44.904414,-93.34045
55425,22.491,13.9759074,0.326944444444444,Minneapolis,MN,44.846765,-93.2449
55426,26.397,16.4030958,0.403611111111111,Minneapolis,MN,44.952064,-93.37795
55427,30.753,19.1099142,0.446111111111111,Minneapolis,MN,45.006764,-93.38223
55428,33.79,20.997106,0.483611111111111,Minneapolis,MN,45.059997,-93.37702
55429,32.923,20.4583522,0.434722222222222,Minneapolis,MN,45.064714,-93.34155
55430,27.526,17.1046564,0.377777777777778,Minneapolis,MN,45.059265,-93.29977
55431,29.417,18.2797238,0.3875,Minneapolis,MN,44.829564,-93.30982
55432,29.631,18.4127034,0.397777777777778,Minneapolis,MN,45.095674,-93.25336
55433,39.672,24.6521808,0.491388888888889,Minneapolis,MN,45.163848,-93.3195
55434,34.998,21.7477572,0.465277777777778,Minneapolis,MN,45.164248,-93.2531
55435,29.8,18.51772,0.412222222222222,Minneapolis,MN,44.875614,-93.33487
55436,30.43,18.909202,0.433333333333333,Minneapolis,MN,44.903864,-93.37056
55437,33.088,20.5608832,0.425555555555556,Minneapolis,MN,44.822764,-93.34422
55438,34.732,21.5824648,0.464722222222222,Minneapolis,MN,44.8257,-93.38212
55439,32.473,20.1787222,0.445555555555556,Minneapolis,MN,44.875997,-93.37021
55441,30.944,19.2286016,0.421944444444444,Minneapolis,MN,45.001997,-93.42421
55442,36.594,22.7395116,0.489722222222222,Minneapolis,MN,45.046701,-93.42892
55443,40.333,25.0629262,0.510833333333333,Minneapolis,MN,45.108581,-93.33988
55444,32.299,20.0705986,0.41,Minneapolis,MN,45.106065,-93.30461
55445,39.913,24.8019382,0.510833333333333,Minneapolis,MN,45.112742,-93.3789
55446,42.553,26.4424342,0.591388888888889,Minneapolis,MN,45.039312,-93.47988
55447,37.435,23.262109,0.511111111111111,Minneapolis,MN,45.003363,-93.49262
55448,39.652,24.6397528,0.504166666666667,Minneapolis,MN,45.186232,-93.29635
55449,34.262,21.2904068,0.442777777777778,Minneapolis,MN,45.168287,-93.20001
55454,12.495,7.764393,0.203888888888889,Minneapolis,MN,44.969465,-93.24327
55455,12.956,8.0508584,0.250833333333333,Minneapolis,MN,44.971965,-93.23588
55458,15.331,9.5266834,0.269444444444444,Minneapolis,MN,45.015914,-93.47188
55604,NA,NA,NA,Grand Marais,MN,47.939037,-90.54659
55612,406.509,252.6046926,4.18305555555556,Lutsen,MN,47.757804,-90.63836
55614,337.433,209.6808662,3.32055555555556,Silver Bay,MN,47.314743,-91.25765
55616,305.131,189.6084034,3.02805555555556,Two Harbors,MN,47.077723,-91.66464
55704,154.263,95.8590282,1.49027777777778,Askov,MN,46.22572,-92.76706
55705,319.736,198.6839504,3.02944444444444,Aurora,MN,47.45225,-92.24109
55706,371.714,230.9830796,3.85305555555556,Babbitt,MN,47.688083,-91.91856
55709,337.068,209.4540552,3.48444444444444,Bovey,MN,47.372262,-93.38998
55718,206.353,128.2277542,1.92861111111111,Carlton,MN,46.649697,-92.48477
55719,336.866,209.3285324,3.29972222222222,Chisholm,MN,47.509833,-92.87637
55720,226.99,141.051586,2.17027777777778,Cloquet,MN,46.727077,-92.48612
55721,317.128,197.0633392,3.26861111111111,Cohasset,MN,47.247648,-93.66491
55723,379.857,236.0431398,3.67194444444444,Cook,MN,47.854987,-92.77077
55731,409.321,254.3520694,4.21638888888889,Ely,MN,47.913365,-91.91712
55732,338.579,210.3929906,3.31527777777778,Embarrass,MN,47.624206,-92.23909
55733,219.398,136.3339172,2.03305555555556,Esko,MN,46.708371,-92.36434
55734,289.62,179.969868,2.69444444444444,Eveleth,MN,47.4211,-92.51331
55736,252.937,157.1750518,2.54694444444444,Floodwood,MN,46.929033,-92.90614
55744,294.432,182.9600448,3.08055555555556,Grand Rapids,MN,47.243062,-93.52599
55746,298.71,185.618394,3.06777777777778,Hibbing,MN,47.413817,-92.94228
55753,305.848,190.0539472,3.12444444444444,Keewatin,MN,47.39654,-93.07651
55760,222.186,138.0663804,2.29333333333333,Mcgregor,MN,46.67746,-93.28391
55763,319.804,198.7262056,3.07277777777778,Makinen,MN,47.310374,-92.20091
55767,181.394,112.7182316,1.71888888888889,Moose Lake,MN,46.44429,-92.7699
55768,322.806,200.5916484,3.09416666666667,Mountain Iron,MN,47.502878,-92.66548
55783,173.465,107.791151,1.6275,Sturgeon Lake,MN,46.379971,-92.82748
55797,208.253,129.4084142,2.09472222222222,Wrenshall,MN,46.534005,-92.41983
55803,284.879,177.0238106,2.82138888888889,Duluth,MN,46.972432,-92.10105
55804,268.073,166.5805622,2.58583333333333,Duluth,MN,46.86242,-91.98342
55805,245.932,152.8221448,2.30861111111111,Duluth,MN,46.798339,-92.09568
55806,240.008,149.1409712,2.19222222222222,Duluth,MN,46.770773,-92.12718
55807,236.136,146.7349104,2.16333333333333,Duluth,MN,46.738841,-92.16969
55810,232.748,144.6296072,2.12638888888889,Duluth,MN,46.753414,-92.24355
55811,243.149,151.0927886,2.27361111111111,Duluth,MN,46.821489,-92.18242
55812,247.268,153.6523352,2.28611111111111,Duluth,MN,46.809438,-92.07319
55901,116.492,72.3881288,1.17305555555556,Rochester,MN,44.048931,-92.49459
55902,129.663,80.5725882,1.31888888888889,Rochester,MN,43.991846,-92.49166
55903,124.746,77.5171644,1.30638888888889,Rochester,MN,43.996613,-92.540929
55904,133.209,82.7760726,1.33111111111111,Rochester,MN,43.988708,-92.42937
55906,125.139,77.7613746,1.31027777777778,Rochester,MN,44.064733,-92.44427
55909,184.524,114.6632136,1.87444444444444,Adams,MN,43.564175,-92.72645
55910,156.069,96.9812766,1.7275,Altura,MN,44.128262,-91.95965
55912,165.3,102.71742,1.72916666666667,Austin,MN,43.671988,-92.97908
55917,138.371,85.9837394,1.37166666666667,Blooming Prairie,MN,43.88481,-93.07546
55920,123.942,77.0175588,1.36694444444444,Byron,MN,44.024835,-92.6388
55921,257.762,160.1733068,2.695,Caledonia,MN,43.630012,-91.48667
55923,154.823,96.2070122,1.57111111111111,Chatfield,MN,43.84113,-92.1606
55925,218.048,135.4950272,2.08861111111111,Dakota,MN,43.910929,-91.39015
55927,109.15,67.82581,1.26027777777778,Dodge Center,MN,44.026272,-92.86903
55940,130.013,80.7900782,1.45805555555556,Hayfield,MN,43.885028,-92.80894
55944,121.794,75.6827916,1.40833333333333,Kasson,MN,44.035512,-92.75013
55946,83.515,51.896221,0.972222222222222,Kenyon,MN,44.268145,-92.9651
55947,230.086,142.9754404,2.31138888888889,La Crescent,MN,43.829382,-91.33919
55952,197.551,122.7581914,1.99472222222222,Lewiston,MN,43.959148,-91.84932
55954,211.649,131.5186886,2.28861111111111,Mabel,IA,43.498082,-91.89429
55955,109.279,67.9059706,1.17,Mantorville,MN,44.068344,-92.75616
55960,109.144,67.8220816,1.14333333333333,Oronoco,MN,44.152623,-92.53706
55963,101.826,63.2746764,1.08305555555556,Pine Island,MN,44.196932,-92.65482
55967,154.826,96.2088764,1.61611111111111,Racine,MN,43.786802,-92.50425
55971,214.166,133.0827524,2.19305555555556,Rushford,MN,43.80784,-91.75117
55974,231.857,144.0759398,2.45527777777778,Spring Grove,MN,43.57279,-91.65004
55976,143.551,89.2025914,1.47305555555556,Stewartville,MN,43.862105,-92.49849
55981,126.118,78.3697252,1.60361111111111,Wabasha,MN,44.374261,-92.04204
55983,84.811,52.7015554,0.918055555555556,Wanamingo,MN,44.285672,-92.79816
55987,197.905,122.978167,1.94916666666667,Winona,MN,44.033867,-91.65106
55991,115.382,71.6983748,1.24805555555556,Zumbro Falls,MN,44.24431,-92.41336
55992,89.238,55.4524932,1.01194444444444,Zumbrota,MN,44.297157,-92.68312
56001,148.747,92.4313858,1.56861111111111,Mankato,MN,44.15644,-93.99388
56002,139.283,86.5504562,1.55083333333333,Mankato,MN,44.056047,-94.069828
56003,142.059,88.2754626,1.54194444444444,Mankato,MN,44.184909,-94.04244
56007,164.492,102.2153288,1.55833333333333,Albert Lea,MN,43.652042,-93.36916
56011,84.971,52.8009794,0.974166666666667,Belle Plaine,MN,44.616113,-93.76906
56013,236.303,146.8386842,2.20055555555556,Blue Earth,MN,43.630763,-94.10129
56016,146.436,90.9953304,1.39,Clarks Grove,MN,43.764506,-93.33357
56019,214.599,133.3518186,2.41555555555556,Comfrey,MN,44.11754,-94.88998
56021,148.613,92.3481182,1.61527777777778,Courtland,MN,44.277333,-94.31424
56024,134.472,83.5609008,1.41861111111111,Eagle Lake,MN,44.153696,-93.86918
56026,133.497,82.9550358,1.2625,Ellendale,MN,43.884985,-93.2917
56031,252.729,157.0458006,2.32444444444444,Fairmont,MN,43.646916,-94.45856
56036,173.081,107.5525334,1.66416666666667,Glenville,MN,43.550747,-93.21987
56043,162.114,100.7376396,1.54388888888889,Hayward,MN,43.65048,-93.224
56044,98.662,61.3085668,1.18472222222222,Henderson,MN,44.555899,-93.95354
56045,148.633,92.3605462,1.37833333333333,Hollandale,MN,43.762109,-93.18959
56048,128.755,80.008357,1.36611111111111,Janesville,MN,44.102188,-93.71255
56054,143.464,89.1485296,1.52777777777778,Lafayette,MN,44.431776,-94.37742
56055,167.935,104.354809,1.85194444444444,Lake Crystal,MN,44.128212,-94.23883
56057,105.87,65.787618,1.11805555555556,Le Center,MN,44.393899,-93.72583
56058,106.814,66.3742196,1.24583333333333,Le Sueur,MN,44.449976,-93.90513
56062,182.151,113.1886314,1.97944444444444,Madelia,MN,44.045998,-94.4211
56063,128.128,79.6187392,1.33166666666667,Madison Lake,MN,44.204121,-93.81923
56065,182.735,113.551529,1.82277777777778,Mapleton,MN,43.931415,-93.92866
56069,93.794,58.2835916,0.989722222222222,Montgomery,MN,44.429956,-93.56982
56071,74.17,46.089238,0.811388888888889,New Prague,MN,44.546463,-93.57848
56072,146.332,90.9307048,1.44777777777778,New Richland,MN,43.899778,-93.53178
56073,163.625,101.676575,1.81805555555556,New Ulm,MN,44.308395,-94.46149
56074,140.848,87.5229472,1.49555555555556,Nicollet,MN,44.331757,-94.19561
56080,139.749,86.8400286,1.46361111111111,Saint Clair,MN,44.080713,-93.85663
56082,124.703,77.4904442,1.34055555555556,Saint Peter,MN,44.337276,-93.99282
56085,183.55,114.05797,2.02861111111111,Sleepy Eye,MN,44.29717,-94.73426
56087,210.318,130.6916052,2.39416666666667,Springfield,MN,44.239384,-94.98313
56093,121.111,75.2583754,1.27277777777778,Waseca,MN,44.067673,-93.5103
56096,108.668,67.5262952,1.115,Waterville,MN,44.234274,-93.5884
56097,178.139,110.6955746,1.78111111111111,Wells,MN,43.731479,-93.71837
56098,230.728,143.3743792,2.16944444444444,Winnebago,MN,43.764936,-94.18016
56145,242.213,150.5111582,2.65083333333333,Jeffers,MN,44.057605,-95.18517
56150,321.843,199.9932402,2.94972222222222,Lakefield,MN,43.649239,-95.19501
56171,271.378,168.6342892,2.43361111111111,Sherburn,MN,43.660847,-94.74357
56181,258.762,160.7947068,2.32333333333333,Welcome,MN,43.672105,-94.61716
56187,296.814,184.4402196,3.11472222222222,Worthington,MN,43.623255,-95.59604
56201,169.044,105.0439416,2.1125,Willmar,MN,45.118846,-95.04504
56209,150.503,93.5225642,1.89472222222222,Atwater,MN,45.128657,-94.79069
56215,249.55,155.07037,2.62666666666667,Benson,MN,45.317872,-95.57247
56230,180.062,111.8905268,1.96805555555556,Danube,MN,44.79129,-95.09671
56232,247.059,153.5224626,2.8125,Dawson,MN,44.932368,-96.04823
56236,321.219,199.6054866,3.19694444444444,Dumont,MN,45.664974,-96.39608
56241,218.834,135.9834476,2.49583333333333,Granite Falls,MN,44.794723,-95.56737
56243,138.428,86.0191592,1.74111111111111,Grove City,MN,45.168724,-94.68641
56256,261.966,162.7856724,3.0175,Madison,MN,45.036047,-96.19573
56258,257.575,160.057105,2.81444444444444,Marshall,MN,44.446885,-95.77281
56262,238.132,147.9752248,2.83027777777778,Milan,MN,45.113285,-95.86913
56265,223.007,138.5765498,2.5625,Montevideo,MN,44.985313,-95.7066
56267,273.234,169.7876076,2.78027777777778,Morris,MN,45.584124,-95.9092
56270,184.424,114.6010736,1.98916666666667,Morton,MN,44.552749,-94.98994
56273,194.516,120.8722424,1.98972222222222,New London,MN,45.327429,-94.99921
56277,169.112,105.0861968,1.88388888888889,Olivia,MN,44.766441,-94.99624
56278,311.962,193.8531868,3.31138888888889,Ortonville,MN,45.335958,-96.40032
56279,219.246,136.2394644,2.23388888888889,Pennock,MN,45.200641,-95.17748
56280,279.656,173.7782384,3.1725,Porter,MN,44.633159,-96.16532
56288,161.078,100.0938692,2.01055555555556,Spicer,MN,45.238936,-94.95001
56291,270.345,167.992383,3.04305555555556,Taunton,MN,44.598116,-96.06801
56293,221.2,137.45368,2.41444444444444,Wabasso,MN,44.403815,-95.25784
56301,125.287,77.8533418,1.24916666666667,Saint Cloud,MN,45.526066,-94.20649
56303,125.374,77.9074036,1.35055555555556,Saint Cloud,MN,45.568516,-94.19251
56304,113.639,70.6152746,1.2475,Saint Cloud,MN,45.547283,-94.11303
56307,158.136,98.2657104,1.51666666666667,Albany,MN,45.632455,-94.58257
56308,230.613,143.3029182,2.18694444444444,Alexandria,MN,45.88645,-95.38287
56310,149.508,92.9042712,1.48583333333333,Avon,MN,45.624705,-94.44973
56314,168.971,104.9985794,1.75416666666667,Bowlus,MN,45.814436,-94.42539
56318,192.778,119.7922492,1.94833333333333,Burtrum,MN,45.85303,-94.67459
56319,230.716,143.3669224,2.22611111111111,Carlos,MN,45.990781,-95.27033
56320,140.698,87.4297372,1.38416666666667,Cold Spring,MN,45.462728,-94.42511
56327,251.774,156.4523636,2.37861111111111,Farwell,MN,45.778773,-95.60302
56329,129.97,80.763358,1.43833333333333,Foley,MN,45.695411,-93.90417
56330,124.349,77.2704686,1.39611111111111,Foreston,MN,45.732493,-93.73102
56331,166.351,103.3705114,1.57944444444444,Freeport,MN,45.67539,-94.67303
56332,245.5,152.5537,2.32777777777778,Garfield,MN,45.950306,-95.50754
56333,132.656,82.4324384,1.44166666666667,Gilman,MN,45.691714,-94.05629
56336,186.737,116.0383718,1.88527777777778,Grey Eagle,MN,45.819474,-94.76247
56338,146.036,90.7467704,1.58888888888889,Hillman,MN,46.035241,-93.9153
56339,261.009,162.1909926,2.52861111111111,Hoffman,MN,45.825031,-95.81104
56342,178.684,111.0342376,1.87305555555556,Isle,MN,46.212757,-93.45729
56343,257.696,160.1322944,2.46361111111111,Kensington,MN,45.795887,-95.66742
56345,180.36,112.075704,1.86027777777778,Little Falls,MN,45.994029,-94.37183
56347,218.506,135.7796284,2.16444444444444,Long Prairie,MN,45.973572,-94.8582
56349,234.407,145.6605098,2.33138888888889,Lowry,MN,45.728732,-95.52504
56350,183.2,113.84048,1.90111111111111,McGrath,MN,46.274325,-93.26096
56352,177.605,110.363747,1.69305555555556,Melrose,MN,45.659491,-94.81417
56353,122.044,75.8381416,1.325,Milaca,MN,45.760191,-93.63247
56354,239.613,148.8955182,2.36416666666667,Miltona,MN,46.063391,-95.28168
56358,132.258,82.1851212,1.42861111111111,Ogilvie,MN,45.831767,-93.44162
56360,219.399,136.3345386,2.12944444444444,Osakis,MN,45.884771,-95.10486
56361,257.487,160.0024218,2.61083333333333,Parkers Prairie,MN,46.156758,-95.33754
56364,165.823,103.0424122,1.80638888888889,Pierz,MN,45.996396,-94.08461
56367,149.543,92.9260202,1.62861111111111,Rice,MN,45.745266,-94.18176
56368,151.701,94.2670014,1.53861111111111,Richmond,MN,45.448703,-94.52597
56373,157.87,98.100418,1.70638888888889,Royalton,MN,45.840565,-94.26434
56374,139.641,86.7729174,1.39888888888889,Saint Joseph,MN,45.582653,-94.32974
56377,143.533,89.1914062,1.53611111111111,Sartell,MN,45.622966,-94.20959
56378,191.482,118.9869148,1.83361111111111,Sauk Centre,MN,45.729898,-94.97236
56379,132.913,82.5921382,1.47277777777778,Sauk Rapids,MN,45.608178,-94.13838
56381,246.571,153.2192194,2.48611111111111,Starbuck,MN,45.578335,-95.55201
56385,208.782,129.7371348,2.02055555555556,Villard,MN,45.702767,-95.21433
56387,125.804,78.1746056,1.23833333333333,Waite Park,MN,45.550378,-94.22429
56401,211.699,131.5497586,2.24333333333333,Brainerd,MN,46.352758,-94.16289
56425,219.149,136.1791886,2.25111111111111,Baxter,MN,46.347175,-94.27017
56431,222.783,138.4373562,2.35722222222222,Aitkin,MN,46.507241,-93.66458
56437,248.691,154.5365874,2.48638888888889,Bertha,MN,46.252854,-95.06222
56441,224.831,139.7099834,2.49638888888889,Crosby,MN,46.528094,-93.98055
56442,250.758,155.8210212,2.81388888888889,Crosslake,MN,46.67066,-94.10686
56443,204.847,127.2919258,2.07555555555556,Cushing,MN,46.194584,-94.6196
56444,200.734,124.7361076,2.12694444444444,Deerwood,MN,46.438976,-93.89064
56446,245.376,152.4766464,2.43611111111111,Eagle Bend,MN,46.145445,-95.07071
56447,245.072,152.2877408,2.70555555555556,Emily,MN,46.735697,-93.94205
56449,195.732,121.6278648,2.06222222222222,Fort Ripley,MN,46.166054,-94.29254
56452,297.148,184.6477672,3.12638888888889,Hackensack,MN,46.963355,-94.4646
56455,218.93,136.043102,2.38972222222222,Ironton,MN,46.483523,-93.99978
56461,322.403,200.3412242,3.29694444444444,Laporte,MN,47.260013,-94.84475
56464,301.392,187.2849888,3.11805555555556,Menahga,MN,46.770167,-95.09659
56465,247.052,153.5181128,2.60222222222222,Merrifield,MN,46.527729,-94.11071
56467,309.67,192.428938,3.22972222222222,Nevis,MN,46.970017,-94.85013
56468,239.16,148.614024,2.48472222222222,Nisswa,MN,46.501623,-94.28917
56469,254.664,158.2482096,2.70305555555556,Palisade,MN,46.702947,-93.5203
56470,327.27,203.365578,3.44972222222222,Park Rapids,MN,46.974221,-95.06581
56472,255.415,158.714881,2.67555555555556,Pequot Lakes,MN,46.602684,-94.29986
56473,221.477,137.6258078,2.29305555555556,Pillager,MN,46.368605,-94.4846
56474,254.636,158.2308104,2.64027777777778,Pine River,MN,46.718997,-94.38716
56475,194.396,120.7976744,2.01472222222222,Randall,MN,46.099545,-94.50864
56477,284.287,176.6559418,2.92277777777778,Sebeka,MN,46.630023,-95.01222
56479,243.907,151.5638098,2.52277777777778,Staples,MN,46.380664,-94.80503
56482,263.601,163.8016614,2.68555555555556,Wadena,MN,46.447659,-95.14289
56501,344.285,213.938699,3.52305555555556,Detroit Lakes,MN,46.809965,-95.8518
56511,350.243,217.6410002,3.55611111111111,Audubon,MN,46.863375,-95.99585
56514,377.117,234.3405038,3.40638888888889,Barnesville,MN,46.653912,-96.42891
56529,387.348,240.6980472,3.53472222222222,Dilworth,MN,46.878062,-96.70242
56531,283.168,175.9605952,2.71722222222222,Elbow Lake,MN,45.990556,-95.96704
56537,304.817,189.4132838,2.78388888888889,Fergus Falls,MN,46.282084,-96.06798
56544,330.441,205.3360374,3.3575,Frazee,MN,46.742349,-95.62935
56547,386.518,240.1822852,3.57805555555556,Glyndon,MN,46.884481,-96.56301
56549,374.742,232.8646788,3.52888888888889,Hawley,MN,46.864977,-96.30781
56554,360.346,223.9190044,3.64444444444444,Lake Park,MN,46.861527,-96.10974
56557,408.276,253.7027064,4.23666666666667,Mahnomen,MN,47.330624,-95.87672
56560,386.952,240.4519728,3.58027777777778,Moorhead,MN,46.861413,-96.75367
56567,289.29,179.764806,3,New York Mills,MN,46.534993,-95.38106
56572,342.347,212.7344258,3.21,Pelican Rapids,MN,46.608461,-96.0663
56573,305.144,189.6164816,3.12138888888889,Perham,MN,46.607429,-95.55911
56575,352.591,219.1000474,3.72972222222222,Ponsford,MN,47.042394,-95.43451
56586,305.192,189.6463088,2.92194444444444,Underwood,MN,46.330985,-95.84679
56589,377.95,234.85813,4.06694444444444,Waubun,MN,47.174775,-95.74517
56601,381.551,237.0957914,3.93083333333333,Bemidji,MN,47.504496,-94.87105
56633,358.153,222.5562742,3.87,Cass Lake,MN,47.373207,-94.58834
56634,421.757,262.0797998,4.365,Clearbrook,MN,47.67265,-95.42809
56649,461.729,286.9184006,4.45361111111111,International Falls,MN,48.579947,-93.38142
56653,458.757,285.0715998,4.5425,Littlefork,MN,48.366833,-93.56367
56654,510.053,316.9469342,4.97694444444444,Loman,MN,48.527572,-93.83554
56678,375.102,233.0883828,3.88555555555556,Solway,MN,47.508863,-95.11397
56683,396.044,246.1017416,4.08694444444444,Tenstrike,MN,47.690018,-94.71889
56686,555.173,344.9845022,5.87,Williams,MN,48.786139,-94.91418
56701,491.011,305.1142354,5.11055555555556,Thief River Falls,MN,48.118625,-96.1793
56715,455.448,283.0153872,4.70305555555556,Brooks,MN,47.808866,-95.97713
56716,483.145,300.226303,4.67361111111111,Crookston,MN,47.761982,-96.58055
56729,559.873,347.9050822,5.87888888888889,Halma,MN,48.655487,-96.59592
56733,626.465,389.285351,5.69777777777778,Kennedy,MN,48.634961,-96.92156
56751,567.946,352.9216444,5.88527777777778,Roseau,MN,48.817919,-95.75167
57006,350.175,217.598745,3.9175,Brookings,SD,44.305418,-96.7906
57071,374.213,232.5359582,4.16722222222222,Volga,SD,44.278584,-96.93911
57103,390.207,242.4746298,3.90055555555556,Sioux Falls,SD,43.537075,-96.69527
57104,385.585,239.602519,3.84916666666667,Sioux Falls,SD,43.560826,-96.7324
57106,406.038,252.3120132,4.11444444444444,Sioux Falls,SD,43.514392,-96.80375
57108,397.417,246.9549238,3.99388888888889,Sioux Falls,SD,43.488472,-96.72258
57201,343.592,213.5080688,3.8325,Watertown,SD,44.916657,-97.11346
57401,486.708,302.4403512,5.11777777777778,Aberdeen,SD,45.46932,-98.49646
57469,455.708,283.1769512,5.05361111111111,Redfield,SD,44.864263,-98.5409
57564,577.113,358.6180182,6.53083333333333,Onida,SD,44.68577,-100.04014
57701,938.616,583.2559824,8.49555555555555,Rapid City,SD,44.085288,-103.21335
58012,430.813,267.7071982,4.02944444444444,Casselton,ND,46.912684,-97.18939
58042,414.967,257.8604938,3.80361111111111,Harwood,ND,46.984696,-96.9327
58047,393.468,244.5010152,3.67472222222222,Horace,ND,46.724294,-96.8728
58051,397.243,246.8468002,3.76027777777778,Kindred,ND,46.634764,-97.02012
58059,420.989,261.6025646,3.89666666666667,Mapleton,ND,46.839654,-97.12241
58072,486.476,302.2961864,4.38527777777778,Valley City,ND,46.934311,-98.02374
58075,348.657,216.6554598,3.30694444444444,Wahpeton,ND,46.28232,-96.68494
58078,408.326,253.7337764,3.73166666666667,West Fargo,ND,46.875367,-96.90503
58102,406.59,252.655026,3.70805555555556,Fargo,ND,46.900348,-96.80016
58103,396.023,246.0886922,3.63972222222222,Fargo,ND,46.860864,-96.81602
58104,402.766,250.2787924,3.70555555555556,Fargo,ND,46.812118,-96.839
58201,521.863,324.2856682,4.71833333333333,Grand Forks,ND,47.899217,-97.05896
58203,525.646,326.6364244,4.74694444444444,Grand Forks,ND,47.938898,-97.08401
58249,711.335,442.023569,6.51944444444444,Langdon,ND,48.811921,-98.31033
58301,668.602,415.4692828,6.11861111111111,Devils Lake,ND,48.122688,-98.87752
58368,751.566,467.0231124,6.82916666666667,Rugby,ND,48.273263,-100.00991
58401,554.908,344.8198312,4.98194444444444,Jamestown,ND,46.906983,-98.72826
58413,558.806,347.2420484,5.53472222222222,Ashley,ND,46.052308,-99.27476
58444,690.396,429.0120744,6.28416666666667,Goodrich,ND,47.480027,-100.13717
58482,636.203,395.3365442,5.66916666666667,Steele,ND,46.862714,-99.9205
58501,694.211,431.3827154,6.17305555555556,Bismarck,ND,46.83962,-100.7723
58503,704.156,437.5625384,6.29527777777778,Bismarck,ND,46.861794,-100.78026
58504,700.372,435.2111608,6.28388888888889,Bismarck,ND,46.768617,-100.75381
58554,723.314,449.4673196,6.42194444444444,Mandan,ND,46.812148,-100.90891
58577,765.995,475.989293,6.85361111111111,Washburn,ND,47.302682,-101.04618
58638,803.748,499.4490072,7.15305555555556,Hebron,ND,46.877355,-102.0497
58701,818.749,508.7706286,7.6225,Minot,ND,48.19983,-101.28579
58730,1022.61,635.449854,9.60388888888889,Crosby,ND,48.889528,-103.32304
59602,1717.528,1067.2718992,15.9805555555556,Helena,MT,46.696501,-111.96895
59718,1600.802,994.7383628,14.0313888888889,Bozeman,MT,45.680811,-111.137
60008,606.524,376.8940136,5.53722222222222,Rolling Meadows,IL,42.07506,-88.02508
60010,602.985,374.694879,5.57111111111111,Barrington,IL,42.160791,-88.15231
60013,594.035,369.133349,5.59527777777778,Cary,IL,42.217523,-88.24338
60015,628.972,390.8432008,5.73388888888889,Deerfield,IL,42.169325,-87.86556
60051,559.403,347.6130242,5.35,Mchenry,IL,42.324761,-88.452481
60067,604.968,375.9271152,5.58916666666667,Palatine,IL,42.10979,-88.04917
60093,640.361,397.9203254,5.85,Winnetka,IL,42.104127,-87.75016
60126,629.922,391.4335308,5.76388888888889,Elmhurst,IL,41.89103,-87.94181
60136,576.718,358.3725652,5.26694444444444,Gilberts,IL,42.099479,-88.36942
60451,670.072,416.3827408,6.14805555555556,New Lenox,IL,41.509231,-87.96475
60513,639.219,397.2106866,5.95361111111111,Brookfield,IL,41.822681,-87.84753
60514,637.408,396.0853312,5.945,Clarendon Hills,IL,41.779533,-87.95798
60525,641.812,398.8219768,6.02722222222222,La Grange,IL,41.788536,-87.87605
60534,645.543,401.1404202,6.07055555555556,Lyons,IL,41.812331,-87.82318
60538,632.515,393.044821,5.76833333333333,Montgomery,IL,41.721886,-88.32972
60541,659.334,409.7101476,6.01277777777778,Newark,IL,41.529433,-88.53552
60565,650.346,404.1250044,5.985,Naperville,IL,41.728738,-88.12824
60585,647.514,402.3651996,6.06,Plainfield,IL,41.66,-88.21
60637,656.884,408.1877176,6.28555555555556,Chicago,IL,41.779384,-87.60544
60645,636.573,395.5664622,6.08138888888889,Chicago,IL,42.008956,-87.69634
60657,639.501,397.3859214,6.10388888888889,Chicago,IL,41.940832,-87.65852
60805,661.03,410.764042,6.23333333333333,Evergreen Park,IL,41.719933,-87.70249
61455,637.618,396.2158252,6.50694444444444,Macomb,IL,40.456986,-90.6681
61525,667.768,414.9510352,6.57944444444444,Dunlap,IL,40.849036,-89.65554
61764,716.192,445.0417088,6.58666666666667,Pontiac,IL,40.884053,-88.63376
61801,814.924,506.3937736,7.36166666666667,Urbana,IL,40.109647,-88.21246
61822,801.989,498.3559646,7.185,Champaign,IL,40.126854,-88.29315
63131,830.798,516.2578772,8.20083333333333,Saint Louis,MO,38.618582,-90.43643
63348,791.031,491.5466634,7.89277777777778,Foristell,MO,38.814432,-90.94433
63533,634.744,394.4299216,6.10333333333333,Brashear,MO,40.181653,-92.39699
65201,766.761,476.4652854,7.37944444444444,Columbia,MO,38.926838,-92.29003
65202,761.414,473.1426596,7.26694444444444,Columbia,MO,39.00234,-92.30033
65203,778.347,483.6648258,7.45666666666667,Columbia,MO,38.925204,-92.36887
66062,745.952,463.5345728,6.79055555555556,Olathe,KS,38.860511,-94.77581
66101,708.393,440.1954102,6.34444444444444,Kansas City,KS,39.118054,-94.62568
66208,720.263,447.5714282,6.57194444444444,Shawnee Mission,KS,38.999505,-94.63102
66214,725.586,450.8791404,6.53027777777778,Shawnee Mission,KS,38.961756,-94.71498
68022,641.226,398.4578364,5.79388888888889,Elkhorn,NE,41.274881,-96.24565
68028,640.845,398.221083,5.72361111111111,Gretna,NE,41.118694,-96.25535
68130,631.6,392.47624,5.79333333333333,Omaha,NE,41.240036,-96.18017
68134,624.1,387.81574,5.62222222222222,Omaha,NE,41.296748,-96.05181
68423,717.301,445.7308414,6.45138888888889,Pleasant Dale,NE,40.806723,-96.93931
69101,1067.265,663.198471,9.53555555555556,North Platte,NE,41.129363,-100.77502
70121,1909.921,1186.8249094,17.6433333333333,New Orleans,LA,29.961875,-90.16037
70401,1825.167,1134.1587738,16.8741666666667,Hammond,LA,30.517866,-90.47254
71909,1361.778,846.2088492,12.7586111111111,Hot Springs Village,AR,34.657742,-92.9811
72701,1095.336,680.6417904,9.94833333333333,Fayetteville,AR,36.040467,-94.13376
72703,1081.552,672.0764128,9.87916666666667,Fayetteville,AR,36.107078,-94.11592
72758,1052.117,653.7855038,9.45416666666667,Rogers,AR,36.306616,-94.14622
75007,1505.012,935.2144568,13.9177777777778,Carrollton,TX,33.00542,-96.89773
75013,1477.737,918.2657718,13.6611111111111,Allen,TX,33.106582,-96.69402
75034,1496.312,929.8082768,13.8252777777778,Frisco,TX,33.143792,-96.83938
75063,1580.955,982.405437,13.9775,Irving,TX,32.916865,-96.97349
75068,1553.288,965.2131632,13.7966666666667,Little Elm,TX,33.173008,-96.95485
75078,1466.789,911.4626846,13.7213888888889,Prosper,TX,33.240766,-96.79944
75098,1493.538,928.0845132,14.0252777777778,Wylie,TX,33.011975,-96.53607
75182,1522.497,946.0796358,14.1475,Sunnyvale,TX,32.803646,-96.56965
75771,1546.689,961.1125446,14.395,Lindale,TX,32.522902,-95.42126
77351,1790.31,1112.498634,17.1613888888889,Livingston,TX,30.712538,-94.89915
77386,1871.166,1162.7425524,17.1516666666667,Spring,TX,30.128862,-95.41896
77479,1935.35,1202.62649,17.7702777777778,Sugar Land,TX,29.573345,-95.63213
77568,1959.489,1217.6264646,18.0144444444444,La Marque,TX,29.366684,-94.97392
78154,1984.224,1232.9967936,17.6536111111111,Schertz,TX,29.577359,-98.2787
78250,2028.194,1260.3197516,18.1705555555556,San Antonio,TX,29.510204,-98.66784
78665,1860.724,1156.2538936,16.4655555555556,Sandy,TX,30.219829,-98.358613
78733,1899.263,1180.2020282,16.9863888888889,Austin,TX,30.329704,-97.8751
78734,1897.032,1178.8156848,16.9386111111111,Austin,TX,30.378675,-97.95028
80020,1474.136,916.0281104,12.9136111111111,Broomfield,CO,39.93404,-105.05454
80021,1477.147,917.8991458,12.9319444444444,Broomfield,CO,39.881608,-105.09953
80027,1486.635,923.794989,13.0391666666667,Louisville,CO,39.963322,-105.15053
80031,1471.209,914.2092726,12.9011111111111,Westminster,CO,39.866785,-105.04143
80108,1510.142,938.4022388,13.1233333333333,Castle Rock,CO,39.453833,-104.885409
80109,1520.332,944.7343048,13.3011111111111,Castle Rock,CO,39.380857,-104.89947
80123,1491.016,926.5173424,13.1791666666667,Littleton,CO,39.616114,-105.07393
80130,1505.866,935.7451324,13.1413888888889,Lone Tree,CO,39.541571,-104.92152
80138,1494.777,928.8544278,13.0625,Parker,CO,39.523171,-104.70607
80205,1469.856,913.3685184,12.9180555555556,Denver,CO,39.758986,-104.96678
80206,1473.2,915.44648,13.01,Denver,CO,39.731237,-104.95243
80246,1483.768,922.0134352,13.0327777777778,Denver,CO,39.705318,-104.93113
80301,1473.047,915.3514058,13.0872222222222,Boulder,CO,40.044385,-105.21928
80303,1488.528,924.9712992,13.0722222222222,Boulder,CO,39.989135,-105.22883
80470,1539.38,956.570732,13.6308333333333,Pine,CO,39.45658,-105.36876
80525,1439.272,894.3636208,12.9838888888889,Fort Collins,CO,40.532354,-105.0535
80537,1469.72,913.284008,13.1602777777778,Loveland,CO,40.383636,-105.10349
80544,1467.345,911.808183,13.0225,Niwot,CO,40.177043,-105.275045
80634,1432.586,890.2089404,12.6405555555556,Greeley,CO,40.407853,-104.75498
80863,1622.372,1008.1419608,14.3627777777778,Woodland Park,CO,38.996004,-105.06335
80919,1578.062,980.6077268,13.8113888888889,Colorado Springs,CO,38.925451,-104.85255
80923,1579.424,981.4540736,13.7961111111111,Colorado Springs,CO,38.86,-104.76
81433,2000.86,1243.334404,19.2536111111111,Silverton,CO,37.868294,-107.62223
81611,1731.779,1076.1274706,16.0686111111111,Aspen,CO,39.196857,-106.8191
81635,1790.674,1112.7248236,15.9505555555556,Parachute,CO,39.493283,-108.11571
83404,1914.482,1189.6591148,17.4672222222222,Idaho Falls,ID,43.465998,-112.01425
83616,2380.091,1478.9885474,21.4555555555556,Eagle,ID,43.705551,-116.36346
83702,2357.663,1465.0517882,21.2461111111111,Boise,ID,43.627734,-116.20756
84044,2013.703,1251.3150442,18.5619444444444,Magna,UT,40.700162,-112.08318
84096,2028.889,1260.7516246,18.6597222222222,Herriman,UT,40.48,-112.07
84601,2036.143,1265.2592602,18.9563888888889,Provo,UT,40.230954,-111.68006
85044,2647.788,1645.3354632,24.7069444444444,Phoenix,AZ,33.333591,-111.99246
85203,2620.82,1628.577548,24.4330555555556,Mesa,AZ,33.437493,-111.806
85207,2611.601,1622.8488614,24.4088888888889,Mesa,AZ,33.436767,-111.64338
85249,2654.91,1649.761074,24.7805555555556,Chandler,AZ,33.237229,-111.8004
85251,2627.27,1632.585578,24.5666666666667,Scottsdale,AZ,33.494152,-111.92079
85259,2611.757,1622.9457998,24.3527777777778,Scottsdale,AZ,33.596995,-111.82628
85295,2636.466,1638.2999724,24.7063888888889,Gilbert,AZ,33.3,-111.74
85296,2636.263,1638.1738282,24.7075,Gilbert,AZ,33.319722,-111.76078
85387,2716.176,1687.8317664,24.9416666666667,Surprise,AZ,33.276539,-112.18717
87013,2118.431,1316.3930234,19.5502777777778,Cuba,NM,35.869051,-107.40227
87105,2006.895,1247.084553,18.7825,Albuquerque,NM,35.031329,-106.68695
87109,2012.693,1250.6874302,18.4408333333333,Albuquerque,NM,35.155811,-106.56662
87120,1990.454,1236.8681156,18.6044444444444,Albuquerque,NM,35.146144,-106.70851
87801,2100.937,1305.5222518,19.5011111111111,Socorro,NM,33.953237,-106.93722
88072,2211.472,1374.2087008,20.9213888888889,Vado,NM,32.123655,-106.63846
89128,2680.185,1665.466959,23.5483333333333,Las Vegas,NV,36.193501,-115.265
89445,2698.306,1676.7273484,25.3152777777778,Winnemucca,NV,41.02951,-117.94402
89523,2843.768,1767.1174352,25.7058333333333,Reno,NV,39.523088,-119.89808
90042,3093.16,1922.089624,27.1916666666667,Los Angeles,CA,34.114558,-118.19233
90064,3119.362,1938.3715468,27.5188888888889,Los Angeles,CA,34.03457,-118.42843
90067,3122.37,1940.240718,27.6277777777778,Los Angeles,CA,34.056709,-118.41183
90069,3114.624,1935.4273536,27.6205555555556,West Hollywood,CA,34.090975,-118.3813
90807,3112.54,1934.132356,27.4452777777778,Long Beach,CA,33.828366,-118.18235
91011,3096.311,1924.0476554,27.2122222222222,La Canada Flintridge,CA,34.211171,-118.19776
91030,3091.437,1921.0189518,27.2094444444444,South Pasadena,CA,34.112958,-118.15577
91302,3139.859,1951.1083826,27.7836111111111,Calabasas,CA,34.133513,-118.66464
92009,3166.712,1967.7948368,27.9369444444444,Carlsbad,CA,33.097841,-117.26744
92011,3178.145,1974.899303,27.9808333333333,Carlsbad,CA,33.1,-117.29
92028,3125.914,1942.4429596,27.4875,Fallbrook,CA,33.380359,-117.20605
92075,3175.596,1973.3153544,28.0988888888889,Solana Beach,CA,32.997543,-117.26087
92124,3188.815,1981.529641,28.0422222222222,San Diego,CA,32.822815,-117.09844
92253,3075.375,1911.038025,27.6452777777778,La Quinta,CA,33.675373,-116.29649
92617,3101.581,1927.3224334,27.4077777777778,Irvine,CA,33.63,-117.83
92620,3091.545,1921.086063,27.2241666666667,Irvine,CA,33.714889,-117.7633
92880,3060.794,1901.9773916,26.9869444444444,Corona,CA,33.903803,-117.60221
93551,3058.227,1900.3822578,27.1038888888889,Palmdale,CA,34.606146,-118.18495
94070,3213.332,1996.7645048,29.2613888888889,San Carlos,CA,37.499175,-122.26655
94108,3173.768,1972.1794352,28.8241666666667,San Francisco,CA,37.792678,-122.40793
94121,3194.154,1984.8472956,29.0063888888889,San Francisco,CA,37.778729,-122.49265
94533,3104.138,1928.9113532,28.0341666666667,Fairfield,CA,38.269582,-122.03701
94555,3201.495,1989.408993,29.0130555555556,Fremont,CA,37.571581,-122.0509
94566,3185.415,1979.416881,28.7755555555556,Pleasanton,CA,37.658898,-121.87149
94588,3177.502,1974.4997428,28.6886111111111,Pleasanton,CA,37.68973,-121.89244
94702,3159.077,1963.0504478,28.6047222222222,Berkeley,CA,37.865026,-122.2859
95032,3245.551,2016.7853914,29.46,Los Gatos,CA,37.241193,-121.9534
95110,3223.437,2003.0437518,29.2241666666667,San Jose,CA,37.335545,-121.89877
95404,3192.467,1983.7989938,29.2491666666667,Santa Rosa,CA,38.457611,-122.69317
95482,3213.835,1997.077069,29.8808333333333,Ukiah,CA,39.154946,-123.20088
95540,3356.574,2085.7750836,31.8638888888889,Fortuna,CA,40.583488,-124.14367
95608,3025.046,1879.7635844,27.3788888888889,Carmichael,CA,38.628371,-121.32702
95628,3020.307,1876.8187698,27.3697222222222,Fair Oaks,CA,38.654803,-121.26529
95747,3019.304,1876.1955056,27.2922222222222,Roseville,CA,38.768829,-121.33629
95758,3057.803,1900.1187842,27.6775,Elk Grove,CA,38.406432,-121.43673
95763,3014.218,1873.0350652,27.2755555555556,Folsom,CA,38.377411,-121.444429
95945,2966.495,1843.379993,26.8213888888889,Grass Valley,CA,39.202725,-121.02076
96819,NA,NA,NA,Honolulu,HI,21.3452,-157.88165
97007,2823.335,1754.420369,25.3408333333333,Beaverton,OR,45.469079,-122.85602
97062,2819.502,1752.0385428,25.2013888888889,Tualatin,OR,45.373991,-122.77127
97215,2793.103,1735.6342042,24.8763888888889,Portland,OR,45.514241,-122.60089
97239,2802.779,1741.6468706,25.0077777777778,Portland,OR,45.488031,-122.693796
97759,2861.003,1777.8272642,25.8463888888889,Sisters,OR,44.322689,-121.54897
98011,2689.808,1671.4466912,23.7597222222222,Bothell,WA,47.751471,-122.20257
98020,2707.835,1682.648669,24.0588888888889,Edmonds,WA,47.803668,-122.37096
98028,2692.86,1673.343204,23.8825,Kenmore,WA,47.75287,-122.24736
98052,2684.056,1667.8723984,23.7355555555556,Redmond,WA,47.677471,-122.12138
98107,2691.392,1672.4309888,23.9338888888889,Seattle,WA,47.66747,-122.37468
98121,2684.761,1668.3104854,23.7825,Seattle,WA,47.61487,-122.34578
98133,2698.303,1676.7254842,23.9275,Seattle,WA,47.733852,-122.34461
98144,2679.308,1664.9219912,23.6691666666667,Seattle,WA,47.58577,-122.30081
98402,2703.365,1679.871011,23.9286111111111,Tacoma,WA,47.247671,-122.43971
98418,2704.98,1680.874572,23.9547222222222,Tacoma,WA,47.066193,-122.113223
98682,2805.376,1743.2606464,25.0413888888889,Vancouver,WA,45.67309,-122.51319
98837,2406.709,1495.5289726,21.2355555555556,Moses Lake,WA,47.133606,-119.28455
99577,5092.755,3164.637957,53.2105555555556,Eagle River,AK,61.310222,-149.51689
99780,4606.43,2862.435602,47.9986111111111,Tok,AK,63.341767,-142.93704
